PC1,PC2,PC3,PC4,PC5
0.49595141456098085,-0.2447346922008898,-9.321910425150768e-16,7.83785046724432e-17,-4.465783787516915e-17
-0.5017330215664025,0.23154067114180918,-8.956640399558071e-16,-3.973028960796541e-18,1.8981670360820859e-16
0.03251429795141621,0.8942916595041621,-1.13137036674227e-15,-2.919133412429856e-16,1.9804026896425023e-17
-0.5049622266073629,-0.20612076090244805,-6.022726286127412e-16,5.842193365570903e-17,-5.488292365635975e-17
0.49623798685033327,0.2103580464513389,-7.20369636719955e-16,5.2638421097236286e-18,1.7167407182546643e-16
-4.485221445710823e-18,2.920922052552984e-16,-5.551115123125689e-17,0.9999999999999997,-1.7486012637846217e-15
-7.342597770309942e-17,-6.345888065710125e-16,-0.7071067811865476,-1.0824674490095276e-15,-0.7071067811865472
-6.800032905685699e-17,-8.043166620880228e-16,-0.7071067811865471,8.326672684688671e-16,0.7071067811865477
